{"cameraMode":{"drawMode":0,"name":"Shaded","section":"Shading Mode"},"sceneLighting":false,"audioPlay":false,"sceneViewState":{"showFog":true,"showMaterialUpdate":false,"showSkybox":false,"showFlares":true,"showImageEffects":true,"showParticleSystems":true},"in2DMode":false,"pivot":{"x":39.550846099853519,"y":2.5048890113830568,"z":1.1920928955078126e-7},"rotation":{"x":0.15136848390102387,"y":0.7368711829185486,"z":-0.1756456345319748,"w":0.6350252628326416},"size":14.696226119995118,"orthographic":false}