{"cameraMode":{"drawMode":0,"name":"Shaded","section":"Shading Mode"},"sceneLighting":true,"audioPlay":false,"sceneViewState":{"showFog":true,"showMaterialUpdate":false,"showSkybox":true,"showFlares":true,"showImageEffects":true,"showParticleSystems":true},"in2DMode":false,"pivot":{"x":13.470999717712403,"y":8.27299976348877,"z":2.3940000534057619},"rotation":{"x":0.10080717504024506,"y":0.8813291788101196,"z":-0.21848033368587495,"w":0.40664878487586977},"size":77.60785675048828,"orthographic":false}