{"cameraMode":{"drawMode":0,"name":"Shaded","section":"Shading Mode"},"sceneLighting":false,"audioPlay":false,"sceneViewState":{"showFog":true,"showMaterialUpdate":false,"showSkybox":false,"showFlares":true,"showImageEffects":true,"showParticleSystems":true},"in2DMode":false,"pivot":{"x":39.89999771118164,"y":0.6999564170837402,"z":24.661029815673829},"rotation":{"x":0.004008229356259108,"y":0.8576828241348267,"z":-0.5141201019287109,"w":0.006687038112431765},"size":7.605574131011963,"orthographic":false}