{"cameraMode":{"drawMode":0,"name":"Shaded","section":"Shading Mode"},"sceneLighting":false,"audioPlay":false,"sceneViewState":{"showFog":true,"showMaterialUpdate":false,"showSkybox":false,"showFlares":true,"showImageEffects":true,"showParticleSystems":true},"in2DMode":false,"pivot":{"x":1.9989228248596192,"y":-0.06411027908325196,"z":8.002691268920899},"rotation":{"x":0.06557927280664444,"y":0.8974669575691223,"z":-0.4121400713920593,"w":0.1428043097257614},"size":5.146287441253662,"orthographic":false}