{"cameraMode":{"drawMode":0,"name":"Shaded","section":"Shading Mode"},"sceneLighting":true,"audioPlay":false,"sceneViewState":{"showFog":true,"showMaterialUpdate":false,"showSkybox":true,"showFlares":true,"showImageEffects":true,"showParticleSystems":true},"in2DMode":false,"pivot":{"x":-46.268001556396487,"y":10.645999908447266,"z":-8.425000190734864},"rotation":{"x":0.10080717504024506,"y":0.8813291788101196,"z":-0.21848033368587495,"w":0.40664878487586977},"size":22.0,"orthographic":false}