{"cameraMode":{"drawMode":0,"name":"Shaded","section":"Shading Mode"},"sceneLighting":false,"audioPlay":false,"sceneViewState":{"showFog":true,"showMaterialUpdate":false,"showSkybox":false,"showFlares":true,"showImageEffects":true,"showParticleSystems":true},"in2DMode":false,"pivot":{"x":-12.330442428588868,"y":6.178839206695557,"z":10.355144500732422},"rotation":{"x":-0.05789823830127716,"y":0.5919602513313294,"z":-0.0426948219537735,"w":-0.802750289440155},"size":13.861845016479493,"orthographic":false}