{"cameraMode":{"drawMode":0,"name":"Shaded","section":"Shading Mode"},"sceneLighting":true,"audioPlay":false,"sceneViewState":{"showFog":true,"showMaterialUpdate":false,"showSkybox":true,"showFlares":true,"showImageEffects":true,"showParticleSystems":true},"in2DMode":false,"pivot":{"x":-15.710001945495606,"y":1.7740886211395264,"z":12.4336576461792},"rotation":{"x":0.27127254009246828,"y":0.5028366446495056,"z":-0.16988320648670197,"w":0.8029360771179199},"size":51.324554443359378,"orthographic":false}