{"cameraMode":{"drawMode":0,"name":"Shaded","section":"Shading Mode"},"sceneLighting":false,"audioPlay":false,"sceneViewState":{"showFog":true,"showMaterialUpdate":false,"showSkybox":false,"showFlares":true,"showImageEffects":true,"showParticleSystems":true},"in2DMode":false,"pivot":{"x":0.0,"y":0.07085350155830383,"z":-5.960464477539063e-8},"rotation":{"x":0.27127254009246828,"y":0.5028366446495056,"z":-0.16988320648670197,"w":0.8029360771179199},"size":1.0596184730529786,"orthographic":false}